,Length,Diameter	continuous,Height,Wholeweight,Shuckedweight,Visceraweight,Shellweight,Rings
Length,1.0,0.9868115846025,0.8275536093192142,0.9252611721489467,0.8979136582496655,0.9030176990077563,0.8977055691879205,0.5567195769296182
Diameter	continuous,0.9868115846025,1.0,0.8336836879586538,0.9254521015071313,0.8931624751432796,0.8997244291071196,0.905329781213082,0.5746598513059198
Height,0.8275536093192142,0.8336836879586538,1.0,0.8192207728553582,0.7749722929028299,0.79831929752753,0.8173380147032083,0.5574673244580344
Wholeweight,0.9252611721489467,0.9254521015071313,0.8192207728553582,1.0,0.969405456703434,0.9663750782730317,0.9553554421763288,0.5403896769238992
Shuckedweight,0.8979136582496655,0.8931624751432796,0.7749722929028299,0.969405456703434,1.0,0.9319613217425567,0.88261706017464,0.4208836579452148
Visceraweight,0.9030176990077563,0.8997244291071196,0.79831929752753,0.9663750782730317,0.9319613217425567,1.0,0.9076563206965705,0.5038192487597698
Shellweight,0.8977055691879205,0.905329781213082,0.8173380147032083,0.9553554421763288,0.88261706017464,0.9076563206965705,1.0,0.6275740445103175
Rings,0.5567195769296182,0.5746598513059198,0.5574673244580344,0.5403896769238992,0.4208836579452148,0.5038192487597698,0.6275740445103175,1.0
