,Length,Diameter	continuous,Height,Wholeweight,Shuckedweight,Visceraweight,Shellweight,Rings
count,1307.0,1307.0,1307.0,1307.0,1307.0,1307.0,1307.0,1307.0
mean,0.5790933435348126,0.4547322111706198,0.15801071155317523,1.0465321346595258,0.44618783473603674,0.23068859984697782,0.3020099464422341,11.129303749043611
std,0.08615955591288899,0.07095420666905526,0.03998399229881633,0.4303163128850988,0.19866321269945947,0.09761737843666282,0.12564862455880418,3.1042562869810837
min,0.275,0.195,0.015,0.08,0.031,0.021,0.025,5.0
25%,0.525,0.41,0.14,0.73,0.295,0.159,0.21325,9.0
50%,0.59,0.465,0.16,1.0385,0.4405,0.224,0.295,10.0
75%,0.64,0.505,0.175,1.3202500000000001,0.57325,0.29725,0.375,12.0
max,0.815,0.65,1.13,2.657,1.488,0.59,1.005,29.0
