,Length,Diameter	continuous,Height,Wholeweight,Shuckedweight,Visceraweight,Shellweight,Rings
count,1528.0,1528.0,1528.0,1528.0,1528.0,1528.0,1528.0,1528.0
mean,0.5613907068062828,0.4392866492146597,0.15138089005235603,0.9914594240837696,0.43294600785340315,0.21554450261780106,0.28196924083769637,10.705497382198953
std,0.1026973151466698,0.08439806687344084,0.03480449957351617,0.4705813734800123,0.2229999725356832,0.10491898821923012,0.1308340031541825,3.0263494472833736
min,0.155,0.11,0.025,0.0155,0.0065,0.003,0.005,3.0
25%,0.505,0.395,0.13,0.671625,0.27637500000000004,0.14587499999999998,0.19,9.0
50%,0.58,0.455,0.155,0.97575,0.42174999999999996,0.21,0.276,10.0
75%,0.63,0.5,0.175,1.265625,0.566,0.278,0.3555,12.0
max,0.78,0.63,0.515,2.8255,1.351,0.76,0.897,27.0
