,Length,Diameter	continuous,Height,Wholeweight,Shuckedweight,Visceraweight,Shellweight,Rings
count,1342.0,1342.0,1342.0,1342.0,1342.0,1342.0,1342.0,1342.0
mean,0.42774590163934423,0.3264940387481371,0.10799552906110284,0.43136251862891206,0.19103502235469447,0.09201005961251862,0.12818219076005963,7.890461997019374
std,0.10885772704363206,0.08810893134344105,0.031995035655828286,0.2862746622400097,0.12840532091171675,0.0625360872055431,0.08492712234989028,2.511553900071001
min,0.075,0.055,0.0,0.002,0.001,0.0005,0.0015,1.0
25%,0.36,0.27,0.085,0.2055,0.09,0.0425,0.064125,6.0
50%,0.435,0.335,0.11,0.384,0.16975,0.0805,0.113,8.0
75%,0.51,0.39,0.13,0.599375,0.27037500000000003,0.13,0.1785,9.0
max,0.725,0.55,0.22,2.0495,0.7735,0.4405,0.655,21.0
